{"accuracy": [0.9171915650367737, 0.9537563323974609, 0.9670456051826477, 0.9722691774368286, 0.9788753986358643, 0.9807958006858826, 0.9847134947776794, 0.9877093434333801, 0.9862498044967651, 0.9904747009277344], "loss": [0.21804726123809814, 0.12868502736091614, 0.0898425281047821, 0.0811435803771019, 0.06061750277876854, 0.05400286242365837, 0.0422394685447216, 0.034136656671762466, 0.03823724761605263, 0.02803151309490204], "val_accuracy": [0.9213517904281616, 0.9631336331367493, 0.968049168586731, 0.9708141088485718, 0.9735791087150574, 0.9788018465042114, 0.9757296442985535, 0.9775729775428772, 0.9735791087150574, 0.968049168586731], "val_loss": [0.21275006234645844, 0.1101713478565216, 0.09919167309999466, 0.08815617114305496, 0.07616318017244339, 0.06366464495658875, 0.07096341252326965, 0.07504797726869583, 0.08710784465074539, 0.12114553898572922]}